대여소번호,반납대여소번호,공유횟수
101,104,343
102,107,1060
102,113,622
102,151,394
102,152,809
102,153,366
102,154,595
102,184,390
102,421,444
103,107,437
103,113,391
103,152,595
103,154,472
104,102,341
104,107,340
104,113,553
104,152,354
105,108,342
106,101,302
106,102,360
106,109,880
106,112,330
106,151,398
106,152,570
107,102,724
107,103,348
107,108,333
107,113,1145
107,153,550
107,154,315
107,183,320
107,184,369
108,113,382
108,114,338
109,106,565
110,113,539
112,113,359
112,114,305
113,102,613
113,104,595
113,107,1176
113,108,410
113,112,348
113,116,1681
113,151,312
113,152,375
113,153,857
113,155,652
113,166,604
113,170,397
113,175,304
113,176,629
113,183,2801
113,184,455
113,192,362
113,195,438
113,3102,749
114,113,334
114,130,301
114,183,369
115,3102,300
116,107,344
116,113,1810
116,183,312
117,175,363
117,188,402
118,130,331
118,185,324
121,126,312
122,124,301
122,126,347
124,126,579
124,129,302
124,130,358
124,144,311
125,126,722
125,129,629
126,122,342
126,124,537
126,125,813
126,129,507
126,130,312
126,144,455
126,150,395
128,114,331
128,135,313
128,138,460
128,140,614
128,141,378
129,125,433
129,126,309
130,118,346
130,121,349
131,907,306
133,194,312
138,128,663
139,128,365
140,128,685
141,128,605
142,157,611
144,126,396
144,146,408
144,147,534
144,148,426
145,156,649
145,157,561
146,148,330
147,144,511
148,144,358
150,126,320
151,102,352
151,152,452
152,102,515
152,103,511
152,106,478
152,107,311
152,113,345
152,151,347
152,154,600
152,183,322
152,421,310
152,907,343
152,914,332
153,107,650
153,113,1213
153,183,426
154,102,530
154,103,490
154,107,315
154,151,332
154,152,765
154,153,300
155,113,838
155,175,330
156,145,799
157,145,666
157,156,439
159,126,349
162,128,1012
162,134,545
162,135,539
162,140,671
165,113,465
165,179,446
166,113,854
166,179,651
169,948,328
170,113,640
170,179,430
172,113,469
175,113,386
175,155,307
175,179,328
176,113,733
179,113,484
179,165,377
179,166,485
179,170,332
179,175,320
182,103,329
182,152,308
183,107,342
183,113,3649
183,116,313
183,153,477
184,107,420
184,113,404
184,152,355
184,421,376
185,118,471
185,146,333
192,113,486
194,133,357
195,113,568
196,113,397
202,203,369
202,207,619
202,210,608
202,211,663
203,202,741
203,210,431
203,211,320
203,214,326
205,211,314
206,211,341
206,274,354
207,144,320
207,147,342
207,202,1171
207,210,575
207,211,352
207,215,302
207,216,584
207,217,730
207,218,348
207,221,962
207,222,1129
207,224,324
207,248,532
207,249,439
207,272,337
207,2025,355
207,2219,335
209,224,317
210,201,341
210,202,762
210,203,426
210,207,748
210,213,437
210,217,407
210,222,331
210,224,347
210,274,469
211,202,541
211,203,402
211,206,379
211,207,395
211,209,305
211,216,337
211,217,610
211,259,330
212,203,354
212,206,336
212,213,339
212,222,302
212,259,475
213,203,305
213,210,644
213,274,374
214,203,413
216,207,507
216,210,302
217,207,486
217,210,356
217,211,724
217,259,536
218,211,415
219,259,386
220,259,999
221,207,739
222,207,741
222,210,369
222,217,361
222,223,558
222,224,579
222,225,651
222,259,945
223,222,643
223,259,415
224,209,313
224,210,360
224,222,607
224,259,709
225,221,429
225,222,788
225,223,498
225,259,303
226,222,305
226,259,705
227,228,456
228,227,788
228,247,456
228,267,358
228,268,463
230,231,892
230,232,1452
230,238,523
230,240,376
230,243,645
230,247,365
230,264,363
231,230,1004
232,230,1253
232,243,353
232,262,408
236,263,483
237,252,341
238,230,692
238,245,664
238,247,855
240,230,306
240,262,546
240,263,563
240,275,346
240,284.0,361
241,1961,895
243,230,504
243,232,343
244,247,1486
245,238,633
245,247,419
247,228,544
247,230,480
247,238,932
247,244,1544
247,245,442
247,272,434
248,207,334
252,237,429
253,255,382
257,2050,357
258,210,530
258,274,711
259,212,331
259,217,860
259,219,410
259,220,675
259,222,1223
259,223,443
259,224,592
259,226,688
262,230,315
262,232,336
262,240,449
263,232,305
263,236,622
263,240,356
263,1906,457
264,230,334
267,228,391
268,228,506
272,227,382
274,257,435
274,258,604
274,276,328
276,274,350
277,244,300
278,279,308
278,1961,394
279,278,372
284.0,240,308
300,312,829
302,303,366
302,305,410
302,314,499
302,351,345
302,369,347
302,450,382
303,301,306
303,312,309
303,385,443
304,314,326
307,311,373
308,312,357
308,316,336
311,303,436
311,307,390
311,308,471
312,300,514
312,308,443
312,391,329
314,302,491
314,315,525
315,302,331
315,314,621
316,308,370
316,369,338
327,316,530
328,338,317
334,338,567
338,328,384
338,334,589
339,334,346
339,359,343
340,386,318
341,344,302
341,356,786
342,344,598
342,345,371
342,355,708
344,342,555
344,358,980
351,302,410
354,334,324
355,342,542
355,358,329
356,341,776
356,358,744
358,344,1328
358,355,316
358,356,821
358,359,1039
358,386,351
359,358,980
361,363,370
361,364,438
361,1308,396
362,378,532
363,361,404
363,1308,510
364,361,631
369,302,326
371,347,365
374,375,367
375,374,308
378,362,421
378,568,577
383,362,329
383,568,478
386,340,427
386,358,344
400,408,494
400,409,405
400,414,301
400,415,307
401,409,508
402,408,358
402,409,650
403,409,306
405,415,337
408,400,329
408,415,367
409,400,339
409,401,506
409,402,431
409,412,301
409,415,923
409,417,384
411,415,353
412,409,427
412,415,689
412,417,333
412,421,406
413,418,399
414,409,312
415,400,353
415,405,331
415,408,347
415,409,1414
415,411,494
415,412,917
415,425,340
416,415,304
416,417,399
416,418,455
417,409,642
417,412,465
418,907,498
418,914,420
419,421,537
419,907,368
421,102,313
421,152,363
421,154,320
421,412,310
421,419,463
450,302,568
451,302,347
500,540,484
500,549,322
500,563,303
500,573,568
500,590,454
500,592,1119
500,3508,395
500,3518,356
500,3520,341
500,3523,658
501,502,1258
501,504,568
501,505,423
501,548,329
501,588,417
501,593,345
502,500,321
502,501,1155
502,504,877
502,509,314
502,548,1622
502,565,340
502,585,528
502,588,327
502,590,706
502,593,1340
502,3506,460
503,502,326
503,504,443
503,505,359
503,548,356
504,501,507
504,502,851
504,590,373
505,501,363
505,503,400
505,546,338
505,549,310
505,590,1446
505,592,333
505,3504,461
505,3520,648
507,567,556
508,563,680
509,511,327
509,512,300
509,513,376
509,514,499
509,561,678
509,589,993
511,502,324
511,509,336
511,512,363
511,513,350
511,3515,506
512,511,447
512,514,357
512,525,339
512,567,352
513,509,384
513,514,443
513,582,338
514,509,506
514,512,359
514,513,687
514,567,1016
516,3509,403
520,521,319
521,525,417
525,502,329
525,512,363
525,521,342
525,536,326
525,3511,385
525,3522,338
526,529,494
529,526,590
529,594,715
530,378,310
535,3511,335
536,521,315
536,525,386
537,579,349
537,3522,359
539,3500,382
540,571,488
540,584,405
540,3509,904
542,551,943
543,551,554
548,502,2403
549,573,567
549,3520,342
551,542,878
551,543,550
551,576,557
558,525,321
561,509,831
562,3518,446
563,567,1320
563,584,460
565,3511,367
567,507,521
567,512,327
567,514,837
567,563,1472
567,578,509
567,3508,357
568,378,775
568,383,381
568,613,456
568,3514,424
571,540,547
571,563,491
571,3508,361
571,3509,881
571,3518,405
573,500,697
573,505,320
573,549,323
573,590,344
576,551,473
577,1001,346
578,567,663
579,537,467
583,502,340
584,540,459
584,563,691
584,3509,630
584,3518,316
585,502,405
585,589,1057
588,501,440
588,502,540
589,509,1298
589,585,652
590,500,435
590,502,728
590,504,369
590,505,1188
590,549,358
590,573,401
590,591,377
590,592,2979
590,3501,418
590,3504,300
590,3508,308
590,3520,426
590,3523,1441
591,590,479
591,3523,381
592,500,994
592,505,316
592,590,2384
593,502,1782
594,529,579
602,627,610
602,646,850
602,648,507
609,1308,603
610,631,341
612,1308,601
613,568,457
614,1308,1670
615,1308,363
616,638,368
622,617,313
623,622,420
623,624,346
623,638,1600
623,639,1606
624,631,388
625,3519,424
627,602,869
631,624,420
631,642,361
633,624,331
634,635,459
634,647,308
634,650,356
634,1403,329
635,634,467
635,651,301
637,1354,393
638,623,634
639,623,1468
642,631,318
643,646,353
646,602,1043
646,648,955
648,602,511
648,646,1465
650,634,308
651,635,363
700,1118,350
703,704,378
703,708,977
703,716,891
703,723,345
703,729,424
703,731,319
703,734,405
703,746,439
703,747,304
704,703,472
704,708,462
704,716,569
704,722,441
704,729,385
704,734,376
708,703,1002
708,704,488
708,729,374
716,703,905
716,704,497
716,722,377
719,723,505
722,704,452
722,716,453
723,701,307
723,703,313
723,719,439
723,1141,366
726,731,321
726,744,378
731,703,325
734,703,378
734,704,506
735,744,380
739,1127,342
742,1118,306
744,726,427
744,735,392
746,703,371
747,703,304
800,834,452
802,803,309
805,816,401
806,816,368
811,816,501
813,816,330
815,832,836
816,805,416
816,813,354
816,817,495
816,818,306
816,829,477
816,2002,360
817,816,441
818,807,359
818,816,317
825,2219,525
826,818,372
827,838,691
829,816,349
829,2002,367
831,816,401
832,815,862
834,800,687
838,827,548
901,907,466
902,905,476
903,905,675
904,905,908
905,902,403
905,903,576
905,904,740
905,941,444
905,942,599
905,954,417
906,907,423
906,908,407
906,931,638
906,933,327
906,950,380
907,131,369
907,152,312
907,418,371
907,906,439
907,912,360
907,913,582
907,914,468
907,931,501
908,906,300
911,907,324
911,913,357
911,943,515
912,914,307
913,907,620
913,911,335
913,912,366
913,916,371
913,931,615
913,935,336
914,152,302
914,418,322
914,907,479
914,912,300
916,913,330
917,913,378
917,943,718
931,906,435
931,907,462
931,913,442
932,931,305
933,906,314
933,931,340
935,907,308
941,905,1327
942,905,851
943,907,331
943,917,628
945,905,744
946,926,520
950,906,523
952,949,341
953,949,301
954,905,431
1001,1004,339
1001,1008,672
1002,1009,408
1003,1009,408
1008,1001,498
1008,1009,543
1009,1004,307
1009,1008,661
1009,1010,345
1010,1009,414
1010,1044,494
1010,1050,590
1011,1019,980
1011,1020,590
1011,1027,353
1011,1044,371
1011,1050,595
1013,1019,644
1013,1020,658
1018,1215,300
1019,1011,962
1019,1013,695
1019,1029,312
1019,1050,842
1020,1011,416
1020,1013,725
1020,1029,378
1020,1050,441
1021,1023,321
1021,1049,492
1022,1050,449
1023,1021,321
1028,1029,321
1029,1019,360
1029,1020,336
1035,1016,351
1035,1023,315
1035,1026,336
1035,1033,304
1035,1041,465
1041,1035,328
1044,1010,540
1044,1011,356
1044,1017,301
1044,1036,311
1044,1047,437
1044,1050,360
1047,1044,469
1048,1050,482
1049,1021,488
1050,1010,333
1050,1011,595
1050,1019,1021
1050,1020,363
1050,1044,342
1050,1048,493
1050,1215,346
1051,1008,305
1102,1112,317
1106,1112,356
1106,1149,340
1112,1113,477
1112,1149,767
1112,1150,313
1112,1151,452
1112,1153,668
1112,1163,353
1113,1112,483
1115,1118,392
1115,1158,378
1117,1153,486
1117,1158,400
1117,1160,326
1118,1119,363
1118,1158,754
1119,1118,432
1120,1121,378
1120,1158,387
1121,1120,373
1124,1117,360
1124,1125,365
1124,1160,385
1125,1124,642
1125,1153,359
1126,1124,653
1127,739,330
1131,1158,402
1132,1135,313
1135,1132,499
1140,723,335
1141,723,309
1149,1106,312
1149,1112,857
1149,1162,460
1149,1163,308
1150,1112,347
1151,1112,577
1151,1162,442
1152,1153,360
1152,1167,1164
1153,1112,549
1153,1117,454
1153,1125,327
1153,1157,308
1153,1158,415
1153,1160,1351
1153,1166,321
1153,1167,446
1155,1158,341
1155,1160,302
1158,1115,311
1158,1117,406
1158,1118,869
1158,1120,478
1158,1122,304
1158,1131,396
1158,1153,431
1158,1155,317
1158,1157,458
1158,1159,326
1158,1160,617
1158,1166,694
1159,1160,414
1160,1112,309
1160,1153,1623
1160,1155,325
1160,1158,667
1160,1159,508
1160,1166,455
1162,1149,307
1162,1151,652
1163,1112,341
1166,1117,307
1166,1153,498
1166,1158,620
1166,1160,451
1167,1152,1500
1167,1153,485
1203,1243,346
1203,1244,372
1205,1220,384
1205,1221,331
1205,1249,541
1206,1220,787
1206,1221,684
1206,1249,529
1208,1264,368
1208,1289,341
1209,1211,512
1209,1226,1635
1209,1268,349
1209,1278,1084
1210,1211,2061
1210,1212,399
1210,1215,462
1210,1218,329
1210,1220,345
1210,1221,521
1210,1222,913
1210,1235,364
1210,1248,415
1210,1251,1064
1210,1262,782
1210,1268,568
1210,1278,339
1210,1297,385
1210,2601,334
1211,1209,349
1211,1210,2196
1211,1251,350
1211,1260,346
1211,1262,334
1212,1210,396
1213,1214,348
1213,1259,354
1214,1213,305
1215,1050,356
1215,1210,374
1215,1218,316
1215,1259,365
1215,1268,530
1218,1215,313
1218,1260,339
1220,1205,360
1220,1206,737
1220,1210,346
1220,1222,632
1221,1206,532
1221,1210,585
1221,1222,459
1222,1209,312
1222,1210,640
1222,1220,518
1222,1221,495
1222,1224,583
1222,1231,611
1222,1232,369
1222,1269,626
1224,1222,537
1226,1209,1239
1226,1278,305
1228,1207,318
1231,1211,300
1231,1222,601
1232,1222,392
1235,1210,323
1235,1221,368
1243,1203,404
1243,1244,402
1243,1245,349
1243,1247,313
1243,1257,397
1244,1201,338
1244,1243,529
1245,1243,530
1245,1244,328
1246,1285,320
1246,1286,561
1247,1243,302
1248,1210,670
1248,1218,329
1248,1268,513
1249,1205,445
1249,1206,766
1251,1210,1056
1251,1211,460
1257,1243,316
1257,1244,323
1257,1265,300
1259,1215,421
1260,1211,343
1260,1218,425
1262,1210,934
1262,1211,338
1264,1208,349
1264,1289,327
1265,1201,333
1265,1244,319
1265,1257,336
1265,1288,557
1267,1268,602
1268,1209,396
1268,1210,586
1268,1215,594
1268,1267,484
1269,1222,723
1269,1224,352
1278,1209,847
1278,1268,338
1286,1246,542
1288,1243,357
1288,1244,317
1288,1265,1109
1289,1264,335
1297,1210,435
1302,1361,464
1306,388,332
1306,1361,349
1308,361,316
1308,362,318
1308,363,533
1308,609,454
1308,612,565
1308,614,1301
1308,615,306
1308,1321,415
1308,1337,561
1308,1338,417
1308,1351,1076
1308,1354,933
1308,1355,405
1319,1328,392
1320,1321,372
1320,1354,396
1321,1308,431
1321,1320,424
1321,1322,357
1321,1323,420
1321,1328,325
1321,1354,328
1322,1321,300
1323,1321,374
1326,1328,327
1328,1319,384
1328,1321,332
1333,1601,306
1337,1306,321
1337,1308,599
1337,1338,649
1337,1351,617
1337,1355,473
1338,1308,436
1338,1337,726
1338,1355,327
1343,1361,392
1344,1337,327
1346,1318,320
1346,1348,841
1348,1346,815
1351,1308,907
1351,1337,470
1351,1355,342
1354,637,315
1354,1308,857
1354,1320,365
1355,1308,356
1355,1351,404
1361,1302,512
1361,1306,331
1403,1433,437
1403,1449,478
1404,1448,305
1405,1449,501
1407,1433,480
1408,1433,339
1418,1438,424
1421,1438,444
1427,1444,436
1430,1433,304
1431,1438,361
1433,1403,365
1433,1407,521
1433,1408,308
1438,1421,359
1438,1431,315
1438,1441,312
1441,1438,846
1447,1446,378
1447,1452,351
1448,1403,300
1448,1455,311
1449,1403,629
1449,1404,309
1449,1405,451
1449,1448,300
1455,1448,324
1501,1529,422
1501,1531,306
1503,1530,575
1503,1539,323
1503,1713,614
1506,1503,354
1514,1509,314
1514,1533,316
1515,1531,363
1527,1529,377
1528,1531,546
1529,1501,359
1529,1527,423
1530,1503,601
1531,1501,469
1531,1515,303
1531,1529,308
1531,1535,325
1539,1503,321
1601,1602,355
1601,1603,309
1601,1663,1356
1602,1601,372
1602,1663,329
1606,1608,395
1608,1606,359
1608,1611,1042
1608,1616,921
1608,1623,474
1608,1650,322
1608,1655,800
1610,1642,576
1611,1608,1182
1611,1616,495
1611,1623,445
1616,1608,898
1616,1611,532
1616,1655,426
1619,1623,356
1619,1625,388
1619,1637,385
1619,1681,472
1620,1656,353
1623,1608,546
1623,1611,408
1623,1636,336
1623,1668,350
1623,1673,327
1625,1619,625
1625,1634,398
1625,1637,479
1625,1653,496
1625,1666,322
1625,1667,529
1625,1681,449
1625,1682,383
1630,1651,323
1634,1625,489
1634,1654,326
1636,1637,382
1636,1653,409
1636,1673,569
1637,1619,414
1637,1620,332
1637,1625,524
1637,1636,432
1637,1656,313
1637,1666,300
1642,1610,909
1650,1608,404
1653,1625,446
1653,1636,398
1654,1634,375
1655,1608,1009
1655,1611,305
1655,1616,388
1656,1620,337
1656,1673,484
1663,1601,1187
1666,1625,346
1667,1625,408
1668,1623,346
1668,1673,367
1672,1627,422
1673,1623,306
1673,1636,601
1673,1656,404
1679,1610,394
1681,1619,600
1682,1625,479
1702,1721,723
1707,1721,571
1708,1721,510
1709,1721,495
1709,1726,416
1712,1722,301
1713,1503,558
1721,1702,877
1721,1707,409
1721,1708,490
1721,1709,500
1725,1721,324
1726,1709,381
1726,1721,450
1804,1808,416
1805,1851,541
1806,1851,435
1808,1804,339
1808,1851,733
1809,1851,574
1814,1839,303
1824,1804,362
1826,1827,338
1827,1826,431
1830,1833,340
1830,1848,389
1833,1830,347
1839,1830,403
1841,1839,402
1851,1805,643
1851,1806,303
1851,1808,479
1851,1809,302
1851,1907,369
1901,1906,668
1904,1906,944
1906,263,651
1906,274,311
1906,1901,651
1906,1904,829
1906,1908,311
1906,1925,473
1906,1956,598
1906,1974,310
1906,2102,420
1907,1908,644
1908,1906,342
1908,1907,632
1908,1925,323
1908,1928,406
1908,1957,755
1911,1962,607
1911,1985,398
1911,2102,719
1911,2115,377
1911,2176,329
1912,1975,304
1914,1958,416
1914,1959,497
1914,1985,976
1920,1985,514
1924,1911,471
1924,1955,309
1925,1908,415
1925,1931,389
1928,1908,499
1931,1925,391
1931,1933,335
1933,1931,319
1951,1977,466
1952,1953,300
1953,1952,532
1956,1906,505
1957,1908,687
1958,1914,316
1959,1914,465
1960,1961,467
1961,241,743
1961,256,334
1961,278,503
1961,1960,430
1961,1985,666
1962,1911,537
1966,1928,309
1975,1912,353
1976,1962,449
1977,1981,633
1981,1977,566
1983,1985,314
1985,1911,405
1985,1914,1078
1985,1920,359
1985,1961,710
1985,1983,313
2002,207,399
2002,829,317
2002,2003,487
2002,2050,317
2002,2058,594
2003,2002,696
2007,257,426
2007,2050,832
2007,2058,357
2007,2063,514
2007,2065,353
2012,1911,304
2013,2015,724
2013,2050,2311
2013,2058,748
2015,2013,540
2015,2050,426
2016,2059,302
2020,2050,374
2020,2058,309
2025,207,397
2026,2027,307
2027,2025,488
2028,2032,507
2032,2028,453
2032,2048,711
2048,2032,1489
2048,2222,463
2050,257,458
2050,2002,336
2050,2007,744
2050,2013,705
2050,2015,442
2050,2058,497
2050,2063,853
2050,2065,556
2054,2050,417
2054,2058,328
2056,2016,314
2057,2050,329
2058,2002,652
2058,2007,374
2058,2013,387
2058,2050,484
2058,2063,364
2059,2016,319
2063,257,323
2063,2007,475
2063,2050,717
2063,2058,318
2065,2007,377
2065,2050,642
2102,1906,323
2102,1911,545
2102,2103,533
2102,2106,520
2102,2107,1929
2102,2139,1990
2102,2140,324
2102,2141,1528
2102,2157,371
2102,2173,448
2102,2176,596
2103,1911,411
2103,2102,403
2104,2032,309
2105,2106,300
2106,2157,322
2107,1911,418
2107,2102,1812
2107,2135,482
2107,2139,500
2107,2140,492
2107,2141,381
2107,2173,353
2108,2109,373
2109,2136,787
2109,2173,592
2111,2122,440
2111,2148,421
2112,2169,333
2113,2102,357
2115,1911,536
2122,2111,481
2129,2122,396
2129,2148,530
2129,2159,324
2135,2107,345
2135,2139,400
2136,2109,671
2136,2139,333
2139,1911,312
2139,2102,1508
2139,2107,606
2139,2135,358
2139,2136,385
2139,2140,503
2139,2141,346
2139,2172,301
2140,2102,306
2140,2107,525
2140,2139,617
2140,2141,573
2141,1911,302
2141,2102,1430
2141,2107,367
2141,2139,325
2141,2140,548
2148,2111,412
2157,2102,436
2157,2106,443
2169,2112,387
2171,2108,375
2171,2109,301
2171,2136,330
2172,2139,484
2173,2056,312
2173,2102,350
2173,2109,724
2173,2135,333
2174,2136,304
2176,1911,390
2176,2102,553
2202,2205,1101
2202,2206,1738
2202,2501,312
2205,2202,1281
2206,2202,1853
2213,2290,409
2214,2219,477
2217,2219,729
2219,825,454
2219,2214,506
2219,2217,1035
2219,2220,560
2219,2259,543
2219,2262,742
2219,2301,312
2220,2219,438
2220,2264,371
2221,2228,335
2222,2228,485
2222,2230,521
2228,2222,392
2228,2230,874
2228,2264,359
2230,2222,443
2230,2228,1001
2230,2265,513
2231,2268,412
2231,2279,607
2233,2231,325
2235,2221,304
2244,2274,346
2247,2255,682
2251,2255,355
2252,2255,1027
2255,2247,510
2255,2251,381
2255,2252,930
2259,2219,511
2259,2262,602
2262,2219,512
2262,2259,499
2263,2255,381
2264,2220,410
2264,2228,478
2264,2265,950
2265,2220,325
2265,2222,321
2265,2230,497
2265,2264,902
2266,2231,312
2268,2231,319
2274,2294,396
2274,2340,350
2277,2262,328
2279,2231,608
2284,2104,302
2284,2223,370
2290,2213,305
2294,2274,334
2301,2219,363
2301,2361,311
2302,2303,394
2303,2302,507
2303,2385,341
2306,2305,391
2306,2307,320
2306,2308,614
2308,2306,318
2312,2313,483
2313,2312,327
2315,2316,796
2316,2315,602
2325,2370,330
2327,2333,326
2333,2327,507
2339,2335,391
2340,2335,337
2348,2355,686
2355,2348,693
2361,2301,350
2362,2301,411
2364,2306,357
2370,2325,377
2377,2384,804
2377,2387,557
2384,2377,718
2384,2387,320
2385,2302,347
2385,2303,315
2387,2377,646
2387,2384,327
2388,2348,353
2601,1210,521
3102,113,1275
3500,539,461
3500,3517,423
3501,549,312
3501,590,515
3501,3520,375
3504,505,522
3504,590,302
3505,502,477
3507,573,338
3507,590,327
3508,500,302
3508,567,425
3508,590,392
3508,592,353
3509,516,360
3509,540,823
3509,571,1108
3509,584,476
3509,3518,1228
3511,565,391
3513,521,305
3513,557,426
3513,559,314
3513,568,638
3513,3514,351
3514,568,642
3514,3513,331
3515,502,350
3515,511,363
3517,3500,462
3518,562,493
3518,571,391
3518,3509,1198
3519,625,303
3520,500,429
3520,505,604
3520,590,527
3522,537,325
3523,500,634
3523,590,1205
3523,591,325
'1001','1002',570
'1001','1004',950
'1001','1008',1276
'1001','577',571
'1002','1001',585
'1002','1008',323
'1003','1008',458
'1004','1001',721
'1004','1008',334
'1006','1004',451
'1008','1001',939
'1008','1002',373
'1008','1003',366
'1008','1004',402
'1008','1009',524
'1008','1012',300
'1009','1004',383
'1009','1008',628
'1009','1017',307
'1009','1208',368
'101','104',574
'101','106',598
'101','152',673
'1010','1009',337
'1010','1011',356
'1010','1017',444
'1010','1019',413
'1010','1020',548
'1010','1215',462
'1011','1003',333
'1011','1012',350
'1011','1017',691
'1011','1019',1136
'1011','1020',761
'1011','1215',476
'1012','1008',429
'1012','1013',714
'1012','1019',374
'1012','1020',600
'1012','1208',431
'1013','1012',678
'1013','1019',1060
'1013','1020',1310
'1014','1004',496
'1014','1008',416
'1014','1010',402
'1016','1021',541
'1017','1009',396
'1017','1010',495
'1017','1011',691
'1018','1215',575
'1019','1010',307
'1019','1011',885
'1019','1013',882
'1019','1020',304
'102','103',452
'102','104',616
'102','106',485
'102','107',2753
'102','108',630
'102','109',497
'102','113',1753
'102','114',409
'102','116',511
'102','151',644
'102','152',1986
'102','153',813
'102','154',1288
'102','175',319
'102','182',556
'102','183',635
'102','184',922
'102','421',1051
'1020','1010',446
'1020','1011',663
'1020','1012',534
'1020','1013',1064
'1020','1215',315
'1021','1016',595
'1022','1018',312
'1022','1019',335
'1022','1215',376
'103','102',485
'103','104',419
'103','106',702
'103','107',927
'103','108',443
'103','109',480
'103','112',337
'103','113',1133
'103','114',349
'103','116',405
'103','151',527
'103','152',1563
'103','154',1108
'103','182',898
'103','184',324
'103','421',392
'1035','1041',377
'104','101',567
'104','102',1005
'104','103',408
'104','106',349
'104','107',815
'104','108',441
'104','109',305
'104','113',1430
'104','114',729
'104','116',396
'104','151',770
'104','152',1086
'104','154',804
'104','182',545
'104','183',380
'104','184',747
'1041','1035',302
'1044','1010',377
'105','102',366
'105','106',322
'105','108',653
'105','109',751
'105','112',878
'105','113',595
'105','114',640
'105','151',305
'105','152',341
'1050','1019',355
'106','101',715
'106','102',887
'106','103',1034
'106','107',428
'106','108',484
'106','109',2086
'106','111',732
'106','112',1075
'106','113',921
'106','114',625
'106','116',326
'106','119',346
'106','146',319
'106','151',1032
'106','152',1381
'106','154',664
'106','182',527
'106','184',378
'106','207',367
'106','247',341
'106','267',444
'106','421',347
'107','102',1534
'107','103',761
'107','104',666
'107','106',322
'107','108',636
'107','109',332
'107','112',373
'107','113',2797
'107','114',589
'107','116',582
'107','151',457
'107','152',578
'107','153',1534
'107','154',511
'107','183',1002
'107','184',687
'107','421',358
'108','102',711
'108','103',349
'108','104',309
'108','105',506
'108','106',422
'108','107',410
'108','109',323
'108','112',348
'108','113',753
'108','114',675
'108','116',431
'108','151',582
'108','152',436
'108','153',438
'108','154',398
'108','183',469
'108','184',384
'109','102',411
'109','103',394
'109','105',439
'109','106',1349
'109','108',345
'109','111',401
'109','112',467
'109','113',683
'109','114',366
'109','118',408
'109','152',435
'110','113',848
'110','166',373
'110','175',327
'1102','1103',372
'1102','1112',336
'1102','1113',304
'1103','1102',369
'1106','1149',336
'1109','1124',327
'111','105',593
'111','106',759
'111','109',443
'111','112',353
'111','113',426
'111','114',680
'111','118',663
'111','119',331
'111','146',323
'111','148',341
'111','152',379
'1111','1124',500
'1112','1102',318
'1112','1124',570
'1112','1149',564
'1112','1153',305
'1113','1112',339
'1115','1118',467
'1115','700',376
'1117','1120',389
'1117','1124',698
'1117','1125',326
'1118','1115',330
'1118','1119',580
'1118','1120',422
'1118','1121',445
'1118','1122',492
'1118','1124',529
'1118','1131',359
'1118','1132',340
'1118','1135',305
'1118','700',400
'1119','1118',634
'1119','700',308
'112','105',656
'112','106',699
'112','108',529
'112','109',474
'112','111',535
'112','113',694
'112','114',951
'112','115',427
'112','118',557
'112','119',385
'112','130',322
'112','132',307
'112','152',345
'1120','1117',462
'1120','1118',355
'1120','1121',1129
'1120','1122',427
'1120','1123',731
'1120','1124',341
'1121','1118',405
'1121','1120',1160
'1121','1122',687
'1121','1123',366
'1122','1118',483
'1122','1120',310
'1122','1121',537
'1123','1120',697
'1123','1121',372
'1123','1124',400
'1124','1109',395
'1124','1111',555
'1124','1112',569
'1124','1117',674
'1124','1118',518
'1124','1120',411
'1124','1123',447
'1124','1125',732
'1124','1126',741
'1124','1129',764
'1124','1131',508
'1124','1132',388
'1125','1124',901
'1126','1124',1374
'1126','1125',352
'1126','1129',570
'1127','1124',459
'1127','1146',346
'1127','714',345
'1129','1124',606
'1129','1126',610
'1129','1131',582
'113','102',1685
'113','103',779
'113','104',1405
'113','105',405
'113','106',621
'113','107',2950
'113','108',785
'113','109',578
'113','110',400
'113','111',324
'113','112',639
'113','114',540
'113','115',423
'113','116',4658
'113','128',317
'113','130',469
'113','132',384
'113','151',754
'113','152',967
'113','153',2656
'113','154',667
'113','155',1656
'113','163',323
'113','164',444
'113','165',599
'113','166',1786
'113','170',993
'113','172',480
'113','175',890
'113','176',1355
'113','179',724
'113','182',366
'113','183',6386
'113','184',903
'113','192',732
'113','195',1380
'113','196',471
'113','3102',459
'113','421',370
'113','914',302
'1130','1131',315
'1131','1124',361
'1131','1129',476
'1132','1118',399
'1132','1124',395
'1132','1135',442
'1132','1139',306
'1132','700',484
'1135','1118',392
'1135','1132',666
'1135','700',337
'1136','1132',316
'1136','1139',314
'1139','1132',319
'1139','703',431
'114','102',633
'114','103',329
'114','104',599
'114','105',342
'114','106',349
'114','107',524
'114','108',456
'114','112',628
'114','113',787
'114','116',723
'114','124',305
'114','126',316
'114','128',478
'114','130',869
'114','132',638
'114','144',447
'114','152',356
'114','153',966
'114','155',388
'114','166',300
'114','176',385
'114','183',886
'114','184',323
'1140','1141',371
'1141','1140',313
'1141','703',339
'1146','1127',360
'1149','1106',465
'1149','1112',636
'1149','1113',348
'115','102',467
'115','104',400
'115','107',504
'115','112',360
'115','113',720
'115','114',351
'115','116',608
'115','128',330
'115','132',613
'115','138',329
'115','152',316
'115','172',428
'115','183',577
'1152','1167',521
'1153','1160',499
'116','102',469
'116','104',370
'116','107',697
'116','108',482
'116','113',4958
'116','114',343
'116','151',384
'116','153',309
'116','172',379
'116','183',615
'116','184',371
'1160','1153',664
'1167','1152',544
'117','110',330
'117','123',489
'117','152',564
'117','166',366
'117','170',568
'117','175',1615
'117','176',405
'117','188',862
'118','109',357
'118','111',653
'118','112',575
'118','119',502
'118','122',501
'118','124',364
'118','125',417
'118','126',537
'118','129',368
'118','130',818
'118','140',324
'118','144',426
'118','148',377
'118','150',519
'118','185',645
'119','112',480
'119','118',368
'119','124',536
'119','125',783
'119','126',482
'119','130',638
'119','150',394
'120','112',348
'120','118',327
'120','146',433
'1201','1210',585
'1201','1212',429
'1201','1244',534
'1201','1245',305
'1203','1210',347
'1203','1243',341
'1203','1244',340
'1203','1245',336
'1204','1207',319
'1205','1206',452
'1205','1220',834
'1205','1221',406
'1205','1249',499
'1206','1210',346
'1206','1220',1612
'1206','1221',996
'1206','1222',320
'1206','1232',378
'1206','1233',337
'1206','1235',304
'1206','1249',713
'1208','1012',317
'1208','1210',373
'1209','1208',370
'1209','1210',656
'1209','1211',657
'1209','1215',518
'1209','1222',325
'1209','1224',346
'1209','1226',2362
'1209','1248',330
'1209','542',405
'121','119',328
'121','124',303
'121','125',580
'121','126',504
'121','130',574
'1210','1018',359
'1210','1019',306
'1210','1201',536
'1210','1203',377
'1210','1206',314
'1210','1208',311
'1210','1209',525
'1210','1211',2651
'1210','1212',922
'1210','1215',846
'1210','1218',677
'1210','1220',422
'1210','1221',869
'1210','1222',1551
'1210','1224',607
'1210','1226',580
'1210','1231',324
'1210','1232',321
'1210','1233',362
'1210','1235',747
'1210','1244',345
'1210','1245',395
'1210','1248',957
'1210','1251',536
'1210','1262',487
'1210','1268',350
'1210','502',336
'1211','1209',520
'1211','1210',2691
'1211','1212',340
'1211','1214',303
'1211','1218',320
'1211','1221',350
'1211','1222',406
'1211','1235',352
'1211','1248',315
'1212','1201',491
'1212','1210',721
'1212','1211',321
'1213','1210',328
'1213','1214',530
'1213','1215',447
'1213','1248',396
'1214','1213',590
'1215','1010',325
'1215','1011',439
'1215','1018',567
'1215','1022',334
'1215','1209',392
'1215','1210',842
'1215','1211',322
'1215','1213',314
'1215','1218',445
'1215','1226',405
'1215','1248',332
'1215','1268',312
'1217','1243',397
'1218','1210',569
'1218','1215',435
'1218','1248',658
'1218','1260',306
'122','118',417
'122','119',379
'122','120',338
'122','124',950
'122','125',466
'122','126',830
'122','129',309
'122','130',453
'122','143',721
'122','144',582
'122','146',642
'122','150',507
'122','156',329
'1220','1205',775
'1220','1206',1366
'1220','1210',415
'1220','1222',684
'1220','1249',356
'1221','1206',816
'1221','1210',848
'1221','1211',303
'1221','1222',696
'1221','1232',386
'1221','1235',478
'1222','1209',358
'1222','1210',1021
'1222','1211',434
'1222','1220',530
'1222','1221',691
'1222','1224',933
'1222','1231',760
'1222','1232',419
'1222','1249',323
'1222','1269',414
'1224','1210',451
'1224','1222',912
'1224','1231',389
'1224','1232',414
'1224','1235',324
'1226','1209',1634
'1226','1210',553
'1226','1215',342
'1228','1207',301
'123','117',725
'1231','1209',404
'1231','1222',931
'1231','1224',639
'1231','1235',382
'1232','1210',389
'1232','1220',451
'1232','1221',446
'1232','1222',596
'1232','1224',435
'1232','1235',638
'1233','1206',323
'1233','1210',385
'1233','1221',382
'1233','1222',362
'1233','1235',380
'1235','1210',610
'1235','1211',319
'1235','1221',485
'1235','1224',358
'1235','1232',499
'1235','1233',400
'1239','1246',335
'124','114',479
'124','118',502
'124','119',532
'124','121',330
'124','122',930
'124','125',381
'124','126',1574
'124','129',554
'124','130',786
'124','134',391
'124','143',394
'124','144',1142
'124','148',386
'124','150',428
'124','185',300
'1240','1243',458
'1243','1210',303
'1243','1240',357
'1243','1244',375
'1243','1245',303
'1243','1246',326
'1243','1247',361
'1244','1201',567
'1244','1203',320
'1244','1243',489
'1244','1245',449
'1244','1247',327
'1245','1201',358
'1245','1243',655
'1245','1244',460
'1246','1239',468
'1246','1286',359
'1247','1243',359
'1248','1209',313
'1248','1210',1599
'1248','1213',424
'1248','1215',434
'1248','1218',668
'1249','1205',569
'1249','1206',977
'125','114',363
'125','118',432
'125','119',580
'125','121',531
'125','122',338
'125','124',403
'125','126',1865
'125','129',1276
'125','130',687
'125','132',361
'125','143',404
'125','144',852
'125','148',329
'125','150',762
'1251','1210',493
'1257','1243',308
'1259','1213',312
'126','114',412
'126','118',409
'126','119',460
'126','120',318
'126','121',420
'126','122',792
'126','124',1328
'126','125',1887
'126','127',562
'126','129',1161
'126','130',789
'126','132',320
'126','143',677
'126','144',1372
'126','145',308
'126','146',396
'126','148',359
'126','150',1438
'126','185',345
'1260','1210',305
'1260','1211',315
'1262','1210',594
'1268','1215',358
'1269','1222',488
'1269','1224',340
'127','125',544
'127','126',1046
'127','144',610
'128','112',336
'128','113',418
'128','114',944
'128','115',412
'128','125',411
'128','126',345
'128','135',411
'128','138',937
'128','139',343
'128','140',1059
'128','141',776
'128','144',327
'128','162',470
'1286','1246',384
'1288','1265',360
'129','114',353
'129','118',385
'129','119',424
'129','121',371
'129','122',350
'129','124',357
'129','125',1027
'129','126',859
'129','144',385
'129','147',302
'129','150',438
'130','112',323
'130','114',652
'130','118',772
'130','119',562
'130','120',463
'130','121',770
'130','122',531
'130','124',574
'130','125',577
'130','126',644
'130','144',581
'130','150',344
'1302','1303',397
'1302','358',332
'1303','1302',443
'1303','1305',335
'1303','1306',329
'1303','340',648
'1303','358',433
'1303','388',451
'1305','1306',469
'1305','1308',457
'1306','1303',396
'1306','1305',608
'1306','1337',311
'1306','340',359
'1306','342',327
'1306','355',323
'1306','358',495
'1306','388',584
'1308','1305',462
'1308','1320',402
'1308','1321',811
'1308','1351',411
'1308','346',311
'1308','361',566
'1308','362',552
'1308','363',922
'1308','568',435
'1308','601',476
'1308','605',331
'1308','609',667
'1308','612',625
'1308','613',386
'1308','614',1620
'1308','615',613
'1308','630',346
'1308','633',326
'131','133',368
'131','194',375
'131','418',518
'131','421',434
'131','907',669
'131','912',321
'131','913',334
'131','914',321
'1313','1316',458
'1315','1314',318
'1315','1318',327
'1316','1313',418
'1316','1314',369
'1316','1318',301
'1319','1321',360
'1319','1323',388
'1319','1328',478
'132','113',501
'132','114',782
'132','115',594
'132','125',353
'132','126',316
'132','138',393
'132','141',330
'1320','1308',366
'1320','1321',495
'1320','1322',328
'1321','1308',879
'1321','1319',319
'1321','1320',526
'1321','1322',537
'1321','1323',411
'1321','1328',800
'1321','637',317
'1322','1320',366
'1322','1321',579
'1323','1319',301
'1323','1321',416
'1326','1328',383
'1328','1319',402
'1328','1321',741
'133','194',570
'133','409',360
'133','415',429
'133','418',528
'133','419',381
'133','907',644
'1332','1333',343
'1333','1332',417
'1333','1601',387
'1333','634',316
'1337','1308',314
'1337','1338',420
'1337','1351',441
'1338','1308',300
'1338','1337',458
'134','114',322
'134','162',576
'1346','1318',328
'1346','1348',511
'1348','1346',596
'135','128',424
'135','132',314
'135','138',314
'135','162',932
'1351','1308',378
'1351','1337',412
'136','126',399
'136','129',835
'137','126',434
'137','128',450
'137','142',336
'138','115',331
'138','125',326
'138','128',1319
'138','132',322
'138','135',357
'138','140',397
'139','115',319
'139','128',991
'140','128',1216
'140','132',381
'140','134',305
'140','138',422
'140','162',906
'1402','1405',531
'1403','1401',323
'1403','1404',470
'1403','1405',850
'1403','1408',392
'1403','1429',418
'1403','1433',597
'1403','1448',327
'1403','634',738
'1404','1403',459
'1404','634',330
'1405','1402',553
'1405','1403',753
'1405','1416',300
'1405','1425',321
'1405','1430',371
'1405','1431',425
'1405','1449',436
'1405','634',439
'1407','1433',564
'1408','1403',319
'1408','1433',349
'141','115',331
'141','116',330
'141','128',1394
'141','132',402
'141','172',313
'1410','1425',444
'1413','1610',404
'1414','1437',477
'1416','1405',548
'1418','1438',410
'142','143',323
'142','144',389
'142','145',485
'142','146',386
'142','156',779
'142','157',1363
'142','180',330
'1420','1438',400
'1420','1610',461
'1421','1438',476
'1425','1405',441
'1425','1410',396
'1428','1407',345
'1428','1430',321
'1428','1610',342
'143','122',545
'143','124',334
'143','125',456
'143','126',753
'143','146',410
'143','148',389
'143','150',364
'143','156',419
'143','157',615
'1430','1405',548
'1430','1428',421
'1430','1433',350
'1431','1405',486
'1431','1438',605
'1433','1403',472
'1433','1407',617
'1433','1408',318
'1434','602',335
'1437','1414',361
'1438','1420',412
'1438','1421',465
'1438','1431',533
'1438','1441',531
'1438','1610',430
'144','114',599
'144','118',383
'144','122',625
'144','124',933
'144','125',670
'144','126',1203
'144','129',358
'144','130',421
'144','142',441
'144','146',954
'144','147',1390
'144','148',744
'144','150',701
'144','156',640
'144','157',959
'144','207',592
'1441','1438',1064
'1448','1403',363
'1449','1403',322
'1449','1405',381
'145','126',323
'145','156',2408
'145','157',1495
'146','120',507
'146','122',447
'146','126',365
'146','144',748
'146','147',476
'146','148',973
'146','156',308
'146','157',524
'146','185',587
'146','207',597
'146','210',394
'146','248',318
'147','144',1141
'147','146',403
'147','156',361
'147','157',660
'147','207',588
'147','210',424
'147','800',344
'148','143',506
'148','144',707
'148','146',699
'150','114',433
'150','118',520
'150','119',400
'150','120',339
'150','122',682
'150','124',452
'150','125',880
'150','126',1166
'150','143',393
'150','144',948
'150','148',347
'1503','1506',555
'1503','1509',392
'1503','1512',460
'1503','1518',463
'1503','1519',537
'1503','1522',357
'1503','1530',435
'1503','1603',338
'1503','1709',456
'1503','1713',402
'1504','1501',403
'1504','1515',332
'1504','612',316
'1506','1503',682
'1509','1503',397
'1509','1514',308
'151','102',426
'151','103',372
'151','104',573
'151','106',588
'151','107',302
'151','108',714
'151','113',691
'151','116',509
'151','152',1060
'151','154',414
'1512','1503',475
'1514','1509',373
'1518','1503',405
'1519','1503',517
'152','101',529
'152','102',1292
'152','103',1402
'152','104',559
'152','106',1048
'152','107',526
'152','111',348
'152','113',720
'152','117',530
'152','151',912
'152','153',395
'152','154',1450
'152','175',430
'152','176',377
'152','182',483
'152','183',649
'152','184',609
'152','419',473
'152','421',580
'152','907',772
'152','914',714
'1528','1531',315
'153','102',689
'153','107',1618
'153','108',410
'153','113',3576
'153','114',457
'153','152',442
'153','154',399
'153','155',357
'153','175',325
'153','183',563
'153','184',453
'153','421',394
'1530','1503',365
'1531','1501',352
'154','102',1104
'154','103',1091
'154','104',523
'154','105',308
'154','106',569
'154','107',502
'154','108',348
'154','113',624
'154','151',445
'154','152',1748
'154','153',413
'154','184',323
'154','419',456
'154','421',753
'155','107',377
'155','113',2234
'155','153',512
'155','175',862
'155','183',376
'156','143',418
'156','144',504
'156','145',2423
'156','146',494
'156','157',836
'157','126',321
'157','142',513
'157','143',1055
'157','144',719
'157','145',1472
'157','146',752
'157','147',520
'157','156',1018
'158','171',319
'158','173',342
'158','300',312
'158','311',304
'158','312',333
'158','367',879
'158','377',322
'159','125',438
'159','126',1120
'159','128',392
'159','142',493
'160','173',330
'160','180',476
'1601','1333',467
'1601','1602',643
'1601','1603',1011
'1601','1663',779
'1602','1601',628
'1603','1601',583
'1606','1401',304
'1606','1601',329
'1606','1608',447
'1606','1610',575
'1606','1611',650
'1606','1616',529
'1606','1623',322
'1608','1606',310
'1608','1610',302
'1608','1611',1422
'1608','1616',716
'1608','1623',728
'161','117',381
'1610','1413',405
'1610','1420',462
'1610','1438',543
'1610','1601',330
'1610','1606',564
'1610','1608',362
'1610','1611',628
'1610','1642',1015
'1611','1606',735
'1611','1608',1115
'1611','1610',702
'1611','1616',1258
'1611','1623',686
'1611','1636',362
'1611','1637',397
'1616','1605',327
'1616','1606',455
'1616','1608',915
'1616','1611',1189
'1616','1623',433
'1616','1636',722
'1616','1637',549
'1619','1616',358
'1619','1623',434
'1619','1625',573
'1619','1637',608
'162','128',2207
'162','132',504
'162','134',1331
'162','135',1297
'162','140',1788
'162','141',350
'1620','1625',344
'1620','1637',654
'1623','1606',394
'1623','1608',762
'1623','1611',717
'1623','1616',440
'1623','1619',431
'1623','1636',604
'1623','1637',994
'1625','1619',662
'1625','1620',325
'1625','1634',454
'1625','1636',465
'1625','1637',939
'1628','1637',300
'163','113',461
'163','117',331
'163','175',393
'1634','1625',536
'1634','1637',472
'1635','1637',330
'1636','1611',344
'1636','1616',657
'1636','1623',628
'1636','1625',377
'1636','1637',1233
'1636','1712',329
'1637','1611',495
'1637','1616',643
'1637','1619',581
'1637','1620',648
'1637','1623',1082
'1637','1625',838
'1637','1628',304
'1637','1634',433
'1637','1636',1345
'1637','1712',570
'164','113',636
'164','179',577
'164','194',489
'1642','1606',421
'1642','1610',1348
'165','113',1034
'165','166',465
'165','179',1716
'165','191',349
'1655','1608',324
'1655','1611',302
'166','113',2355
'166','175',457
'166','179',1625
'166','417',424
'166','421',571
'1663','1601',652
'167','131',404
'168','113',707
'168','178',329
'169','113',364
'169','194',346
'170','113',1256
'170','117',373
'170','152',327
'170','175',470
'170','179',944
'170','183',319
'1702','1721',382
'1705','1712',362
'1707','1709',404
'1708','1709',362
'1709','1503',463
'1709','1636',303
'1709','1706',495
'1709','1707',529
'1709','1708',546
'171','313',755
'1712','1636',312
'1712','1637',564
'1712','1705',590
'1713','1503',394
'172','113',1138
'172','115',369
'172','116',422
'172','141',362
'172','144',305
'1721','1702',474
'173','309',316
'173','311',335
'173','313',690
'175','113',1266
'175','117',1517
'175','152',567
'175','153',320
'175','155',743
'175','166',644
'175','170',667
'175','176',479
'175','179',607
'175','183',392
'175','188',321
'175','419',319
'175','421',339
'176','113',1343
'176','117',370
'176','152',319
'176','175',533
'176','179',347
'178','194',787
'178','415',420
'178','907',304
'179','113',1358
'179','164',328
'179','165',1066
'179','166',978
'179','170',805
'179','175',920
'179','176',334
'179','183',385
'179','192',432
'180','142',608
'1802','1808',463
'1804','1808',654
'1808','1802',486
'1808','1804',541
'1808','9999',420
'1814','1830',518
'182','102',481
'182','103',878
'182','104',445
'182','105',325
'182','106',476
'182','113',354
'182','152',850
'1824','1804',306
'1826','1827',541
'1827','1826',772
'1829','1814',372
'1829','1833',467
'183','102',604
'183','104',352
'183','107',1035
'183','108',533
'183','113',8196
'183','114',342
'183','115',424
'183','116',635
'183','152',617
'183','153',620
'183','155',314
'183','166',321
'183','170',472
'183','175',418
'183','176',439
'1830','1814',396
'1830','1833',389
'1833','1829',349
'1833','1830',390
'1834','1824',304
'184','102',853
'184','104',508
'184','107',683
'184','108',341
'184','113',1261
'184','116',520
'184','152',752
'184','153',309
'184','154',340
'184','419',369
'184','421',697
'185','118',874
'185','126',449
'185','143',311
'185','146',1310
'186','152',324
'186','419',570
'186','420',458
'186','421',423
'186','907',334
'186','914',357
'188','113',643
'188','117',986
'188','155',367
'188','175',408
'1901','1904',300
'1901','1906',1669
'1901','1946',313
'1904','1906',1623
'1906','1901',1602
'1906','1904',1410
'1906','1908',702
'1906','1911',578
'1906','1925',844
'1906','1928',396
'1906','1931',316
'1906','1946',464
'1906','207',304
'1906','2102',992
'1906','2107',518
'1906','2141',429
'1906','236',378
'1906','263',1044
'1906','266',320
'1906','703',477
'1906','708',387
'1907','1908',916
'1908','1906',709
'1908','1907',783
'1908','1925',367
'1908','1928',710
'1908','1946',377
'1908','1957',383
'191','133',363
'191','194',400
'191','912',320
'191','915',393
'1911','1906',492
'1911','1962',345
'1911','2012',363
'1911','2102',1405
'1911','2103',508
'1911','2107',665
'1911','2140',319
'1911','2141',334
'1914','1985',357
'192','113',1184
'192','155',344
'192','179',421
'1924','1911',393
'1925','1834',498
'1925','1906',613
'1925','1908',460
'1925','1931',439
'1928','1908',834
'1930','1933',329
'1931','1925',384
'1931','1928',305
'1931','1933',705
'1933','1931',512
'1937','1936',351
'194','131',537
'194','133',601
'194','169',319
'194','177',389
'194','178',859
'194','191',478
'194','418',389
'194','419',304
'194','421',569
'194','907',872
'194','912',374
'194','914',659
'194','915',338
'1946','1906',480
'1946','1908',468
'1946','1925',300
'195','107',303
'195','113',1907
'195','183',472
'1951','1953',529
'1952','1953',589
'1953','1951',396
'1953','1952',810
'1957','1908',365
'196','113',992
'1960','1961',354
'1961','241',402
'1962','1911',304
'198','145',327
'198','370',392
'1985','1914',447
'199','186',651
'199','406',325
'199','412',517
'199','413',397
'199','419',353
'199','420',492
'199','421',452
'2002','2003',913
'2002','2050',847
'2002','2054',332
'2002','207',681
'2002','2219',313
'2002','249',315
'2002','816',678
'2003','2002',1306
'2003','2050',410
'2003','207',372
'2003','816',407
'2007','2013',301
'2007','2050',1214
'2007','257',887
'2008','2050',522
'2009','2015',407
'201','207',516
'201','209',359
'201','210',480
'201','211',302
'2012','1911',371
'2013','2002',354
'2013','2003',336
'2013','2007',396
'2013','2009',316
'2013','2015',1487
'2013','2024',489
'2013','2050',4352
'2013','2054',357
'2013','2058',369
'2015','2009',494
'2015','2013',1130
'2015','2050',756
'2015','2056',373
'2016','2056',306
'2016','237',300
'2016','252',376
'202','147',355
'202','203',579
'202','205',529
'202','206',363
'202','207',1350
'202','210',734
'202','211',1506
'202','212',328
'202','223',345
'202','224',364
'202','248',353
'202','259',332
'2020','2050',682
'2024','2013',481
'2024','2015',435
'2024','2020',358
'2024','2050',361
'2025','2027',408
'2025','207',694
'2025','2219',521
'2026','2025',360
'2026','2027',475
'2027','2025',674
'2027','2026',353
'2028','2032',641
'203','201',326
'203','202',1421
'203','205',308
'203','210',579
'203','211',837
'203','258',384
'2032','2028',563
'2032','2041',348
'2032','2048',606
'2034','2028',381
'2034','2032',310
'204','207',323
'204','210',411
'204','211',372
'204','247',373
'2041','2032',348
'2048','2032',1273
'2048','2222',419
'205','202',544
'205','203',347
'205','207',574
'205','210',460
'205','211',811
'205','258',386
'205','259',345
'2050','2002',773
'2050','2003',583
'2050','2007',1127
'2050','2008',308
'2050','2013',1582
'2050','2015',716
'2050','207',401
'2050','250',510
'2050','257',1328
'2054','2002',538
'2054','2013',345
'2054','2050',441
'2056','2015',343
'2056','2016',319
'2056','2102',343
'2056','2141',302
'2056','252',484
'2057','2020',308
'2057','2050',477
'206','202',412
'206','205',335
'206','207',447
'206','210',576
'206','211',768
'206','212',418
'206','213',543
'206','216',366
'206','221',378
'206','226',351
'206','258',455
'206','259',301
'207','106',590
'207','1122',309
'207','144',849
'207','146',354
'207','147',883
'207','2002',484
'207','2003',330
'207','201',555
'207','202',2556
'207','2025',561
'207','203',348
'207','205',465
'207','2050',356
'207','206',517
'207','209',779
'207','210',1043
'207','211',1039
'207','212',305
'207','213',347
'207','214',392
'207','215',1008
'207','216',1644
'207','217',1651
'207','218',730
'207','221',2400
'207','2219',597
'207','222',3220
'207','223',681
'207','224',762
'207','228',346
'207','244',424
'207','247',685
'207','248',1138
'207','249',1347
'207','257',516
'207','258',551
'207','259',612
'207','272',862
'207','703',350
'207','825',469
'209','207',854
'209','211',467
'209','216',605
'209','217',520
'209','221',572
'209','222',741
'209','223',484
'209','224',877
'210','144',451
'210','147',640
'210','201',432
'210','202',754
'210','203',696
'210','204',314
'210','205',480
'210','206',456
'210','207',1125
'210','211',481
'210','212',354
'210','213',788
'210','217',573
'210','222',418
'210','224',497
'210','244',315
'210','247',357
'210','248',300
'210','258',754
'210','259',547
'2102','1906',837
'2102','1911',1150
'2102','2056',332
'2102','2103',1324
'2102','2105',307
'2102','2106',797
'2102','2107',3243
'2102','2113',623
'2102','2139',2065
'2102','2140',606
'2102','2141',2590
'2102','2143',318
'2102','2144',352
'2102','2153',644
'2102','2157',819
'2102','2173',312
'2102','2176',317
'2103','1911',500
'2103','2102',913
'2103','2107',340
'2103','2135',408
'2103','2141',344
'2105','2106',644
'2106','2102',603
'2106','2105',348
'2106','2157',430
'2107','1906',632
'2107','1911',700
'2107','2102',2811
'2107','2103',343
'2107','2135',729
'2107','2139',436
'2107','2140',542
'2107','2141',544
'2108','2109',773
'2108','2116',681
'2108','2136',306
'2109','2108',666
'2109','2136',630
'211','201',437
'211','202',1456
'211','203',970
'211','204',411
'211','205',741
'211','206',817
'211','207',1309
'211','209',588
'211','210',485
'211','213',340
'211','216',913
'211','217',1278
'211','218',677
'211','221',319
'211','222',766
'211','223',445
'211','224',586
'211','257',337
'211','258',307
'211','259',957
'2111','2122',610
'2111','2148',547
'2112','2136',322
'2113','2102',774
'2113','2107',305
'2113','2141',362
'2115','1911',361
'2116','2108',628
'2116','2122',367
'2116','2135',355
'2116','2136',300
'2119','2108',333
'2119','2122',333
'212','202',422
'212','203',492
'212','204',455
'212','205',351
'212','206',719
'212','207',1016
'212','209',300
'212','210',528
'212','211',577
'212','213',1269
'212','216',392
'212','217',360
'212','218',340
'212','222',897
'212','223',507
'212','224',591
'212','257',695
'212','258',466
'212','259',987
'2122','2108',365
'2122','2111',637
'2122','2116',465
'2122','2119',346
'2122','2128',341
'2122','2129',506
'2127','2106',319
'2128','2122',346
'2129','2111',300
'2129','2122',1036
'2129','2148',659
'213','202',360
'213','203',779
'213','204',560
'213','205',345
'213','206',865
'213','207',351
'213','210',1149
'213','211',377
'213','212',1054
'213','219',354
'213','220',407
'213','222',463
'213','258',801
'213','259',389
'2130','2122',461
'2135','2102',497
'2135','2103',497
'2135','2106',323
'2135','2107',748
'2135','2139',575
'2135','2141',576
'2136','2107',300
'2136','2108',314
'2136','2109',493
'2136','2139',416
'2136','2141',474
'2139','1911',306
'2139','2102',1763
'2139','2107',574
'2139','2135',382
'2139','2136',365
'2139','2140',540
'2139','2141',501
'214','203',404
'214','207',363
'214','210',452
'214','258',486
'2140','1911',307
'2140','2102',603
'2140','2107',600
'2140','2139',678
'2140','2141',971
'2141','1906',501
'2141','1911',472
'2141','2056',325
'2141','2102',2489
'2141','2103',310
'2141','2107',824
'2141','2113',471
'2141','2135',526
'2141','2136',511
'2141','2139',325
'2141','2140',626
'2143','2102',343
'2143','2139',413
'2143','2141',341
'2144','2102',319
'2148','2111',461
'2148','2119',326
'2148','2129',351
'215','207',955
'215','216',309
'215','222',333
'215','223',327
'215','249',328
'2153','2102',494
'2157','2102',732
'2157','2106',648
'216','202',351
'216','206',389
'216','207',1418
'216','209',637
'216','211',926
'216','219',373
'216','221',602
'216','222',658
'216','223',374
'216','224',541
'216','259',568
'216','270',391
'217','207',1078
'217','209',539
'217','210',603
'217','211',1493
'217','212',367
'217','222',613
'217','259',824
'2173','2109',302
'218','207',530
'218','211',1036
'218','212',407
'218','221',328
'218','222',323
'218','224',371
'219','213',367
'219','216',327
'219','217',505
'219','222',698
'219','224',461
'219','259',725
'220','213',323
'220','216',600
'220','222',326
'220','223',333
'220','224',394
'220','250',312
'220','259',1449
'2202','2205',2362
'2202','2206',3310
'2202','2207',327
'2203','2206',446
'2205','2202',2750
'2206','2202',3347
'2206','2203',300
'2207','2202',314
'221','206',344
'221','207',2248
'221','209',554
'221','211',450
'221','216',381
'221','222',378
'221','223',503
'221','224',844
'221','225',910
'221','259',468
'2211','2212',699
'2211','2219',377
'2212','2211',673
'2212','2219',339
'2214','2219',766
'2217','2219',530
'2219','2002',306
'2219','2025',558
'2219','207',537
'2219','2214',759
'2219','2217',608
'2219','2220',797
'2219','2230',358
'2219','2259',962
'2219','2262',1180
'2219','2264',318
'2219','2301',519
'2219','2302',367
'2219','565',312
'2219','825',982
'222','202',321
'222','207',1628
'222','209',1158
'222','210',507
'222','211',908
'222','213',366
'222','216',563
'222','217',728
'222','219',739
'222','221',452
'222','223',1099
'222','224',1795
'222','225',1619
'222','226',394
'222','259',1760
'2220','2214',318
'2220','2219',629
'2220','2221',352
'2220','2222',408
'2220','2227',315
'2220','2230',420
'2220','2264',409
'2221','2220',305
'2221','2227',399
'2222','2028',442
'2222','2224',458
'2222','2228',426
'2222','2230',633
'2224','2222',426
'2225','2222',314
'2227','2220',301
'2227','2221',352
'2227','2228',329
'2228','2222',399
'2228','2230',1083
'2228','2264',354
'223','202',383
'223','207',419
'223','209',611
'223','210',613
'223','211',468
'223','213',315
'223','215',493
'223','216',314
'223','219',363
'223','221',452
'223','222',1332
'223','225',1030
'223','259',1256
'2230','2028',306
'2230','2219',304
'2230','2220',307
'2230','2222',585
'2230','2227',447
'2230','2228',1395
'2230','2265',622
'2231','2219',363
'2231','2233',336
'2231','2239',675
'2231','2302',423
'2231','2327',326
'2233','2231',495
'2235','2221',417
'2235','2237',557
'2237','2231',371
'2237','2235',497
'2237','2239',319
'2239','2219',316
'2239','2231',640
'224','201',382
'224','202',387
'224','207',713
'224','209',1139
'224','210',469
'224','211',498
'224','212',337
'224','216',451
'224','218',553
'224','219',360
'224','221',634
'224','222',1662
'224','226',376
'224','259',1483
'2241','2330',310
'2242','2244',720
'2242','2245',353
'2242','2247',523
'2242','2251',569
'2242','2252',601
'2242','2255',500
'2242','2263',601
'2242','2273',427
'2242','2327',414
'2242','2340',413
'2243','2263',350
'2244','2242',339
'2244','2255',547
'2244','2340',560
'2246','2255',490
'2247','2255',1387
'2248','2255',598
'225','221',1052
'225','222',2319
'225','223',1544
'225','259',562
'2251','2255',443
'2252','2242',301
'2252','2255',2454
'2255','2244',474
'2255','2246',585
'2255','2247',1117
'2255','2248',363
'2255','2251',438
'2255','2252',1898
'2255','2263',828
'2255','2340',436
'2259','2219',894
'2259','2262',1028
'226','207',322
'226','211',317
'226','217',755
'226','222',754
'226','223',342
'226','224',439
'226','257',412
'226','259',1460
'2262','2219',829
'2262','2259',840
'2262','2301',338
'2263','2242',443
'2263','2243',354
'2263','2255',1089
'2264','2220',452
'2264','2228',600
'2264','2265',1041
'2265','2220',360
'2265','2230',595
'2265','2264',917
'227','228',1096
'228','227',1739
'228','229',545
'228','230',309
'228','238',565
'228','244',405
'228','245',325
'228','247',747
'228','262',435
'228','267',751
'228','268',1053
'229','1904',313
'229','228',611
'229','247',319
'229','268',432
'230','231',1258
'230','232',2716
'230','236',551
'230','238',1333
'230','239',770
'230','240',703
'230','243',1005
'230','244',449
'230','245',486
'230','247',994
'230','262',776
'230','263',408
'230','264',1154
'230','266',802
'2301','2219',572
'2301','2262',322
'2301','2306',413
'2301','2307',314
'2301','2308',321
'2302','2219',482
'2302','2231',390
'2302','2301',313
'2302','2303',580
'2303','2301',301
'2303','2302',477
'2305','2306',693
'2306','2301',681
'2306','2305',955
'2306','2307',382
'2306','2308',1162
'2307','2301',414
'2307','2306',306
'2308','2301',306
'2308','2306',776
'231','230',1335
'231','266',333
'2312','2313',517
'2313','2312',399
'2315','2316',794
'2315','2317',375
'2316','2315',540
'2316','2317',312
'232','230',2250
'232','238',718
'232','239',507
'232','240',549
'232','243',670
'232','245',307
'232','247',348
'232','262',703
'232','263',390
'232','264',482
'232','266',541
'232','268',547
'232','703',629
'2320','2335',349
'2324','2325',311
'2327','2231',355
'2327','2330',396
'2327','2333',341
'2330','2241',316
'2330','2327',357
'2331','2332',459
'2333','2327',859
'2335','2339',674
'2335','2340',463
'2337','2342',400
'2339','2335',719
'234','241',321
'234','255',330
'234','256',442
'2340','2244',473
'2340','2255',369
'2340','2335',553
'2347','2306',304
'2348','2355',477
'235','242',367
'235','253',489
'2355','2348',724
'236','230',472
'236','247',402
'236','262',540
'236','263',868
'2360','2340',322
'237','2016',346
'237','251',313
'237','252',672
'2377','2384',378
'2377','2387',344
'238','204',330
'238','228',523
'238','230',1449
'238','232',773
'238','243',488
'238','244',483
'238','245',1273
'238','247',2037
'238','266',802
'2384','2377',320
'2387','2377',331
'239','204',318
'239','206',333
'239','213',486
'239','230',735
'239','232',360
'239','244',321
'239','245',491
'239','247',757
'239','262',369
'239','266',495
'240','230',610
'240','232',614
'240','239',342
'240','262',1016
'240','263',1002
'240','265',368
'240','266',741
'241','1906',352
'241','1961',456
'241','237',311
'242','213',337
'242','235',342
'242','253',460
'242','257',379
'243','228',357
'243','230',711
'243','232',690
'243','238',544
'243','245',366
'243','247',308
'243','262',414
'243','268',336
'244','210',339
'244','228',487
'244','230',500
'244','238',568
'244','245',336
'244','247',3995
'244','262',341
'244','266',403
'244','268',490
'244','272',508
'245','228',355
'245','230',384
'245','232',385
'245','238',1132
'245','243',380
'245','247',1500
'245','266',431
'245','268',665
'247','106',332
'247','207',575
'247','227',416
'247','228',897
'247','229',423
'247','230',1142
'247','232',583
'247','238',2372
'247','239',871
'247','244',4107
'247','245',1391
'247','266',569
'247','267',359
'247','272',871
'248','203',338
'248','207',784
'248','247',307
'248','272',333
'249','207',658
'250','2050',356
'250','252',522
'251','237',321
'251','252',571
'252','2016',304
'252','2056',345
'252','237',909
'252','250',384
'252','251',451
'252','253',410
'253','235',921
'253','242',361
'253','252',314
'253','255',1422
'255','253',601
'256','234',507
'257','2007',479
'257','202',311
'257','2050',1246
'257','207',549
'257','212',499
'257','226',443
'258','200',312
'258','203',732
'258','205',489
'258','206',378
'258','207',468
'258','210',1214
'258','213',716
'258','214',341
'258','257',329
'259','202',348
'259','206',324
'259','207',469
'259','209',379
'259','210',615
'259','211',994
'259','212',771
'259','213',740
'259','215',321
'259','216',599
'259','217',1292
'259','219',846
'259','220',1003
'259','221',504
'259','222',2623
'259','223',1149
'259','224',1350
'259','225',451
'259','226',1583
'259','270',302
'260','272',303
'262','1906',327
'262','228',346
'262','230',680
'262','232',665
'262','236',508
'262','239',363
'262','240',944
'262','243',449
'262','263',511
'262','266',346
'262','703',413
'263','1906',1037
'263','230',379
'263','232',443
'263','236',798
'263','240',814
'263','262',545
'263','266',511
'264','230',1007
'264','232',373
'264','263',455
'264','266',479
'265','240',374
'265','262',305
'265','266',309
'266','230',915
'266','232',782
'266','238',588
'266','239',580
'266','240',647
'266','244',392
'266','245',413
'266','247',569
'266','262',433
'266','263',424
'267','106',503
'267','228',847
'268','228',1032
'268','229',613
'268','232',306
'268','243',334
'268','244',630
'268','245',572
'268','247',332
'270','259',307
'271','259',412
'272','106',309
'272','1122',327
'272','1123',301
'272','202',338
'272','207',864
'272','227',562
'272','244',551
'272','247',440
'272','248',318
'300','303',405
'300','305',303
'300','308',398
'300','309',834
'300','311',843
'300','312',2360
'300','313',373
'300','316',406
'300','320',355
'300','321',330
'300','335',307
'301','303',891
'301','304',519
'301','305',732
'301','306',758
'301','307',783
'301','311',431
'301','312',376
'301','314',301
'301','316',398
'301','351',682
'301','368',322
'301','369',441
'301','385',323
'302','303',828
'302','304',721
'302','305',1513
'302','306',559
'302','307',345
'302','310',507
'302','311',484
'302','312',354
'302','314',1402
'302','315',633
'302','316',559
'302','326',415
'302','327',398
'302','340',330
'302','351',1205
'302','369',883
'302','385',361
'302','450',727
'302','451',338
'303','300',428
'303','301',806
'303','302',687
'303','305',361
'303','307',592
'303','311',585
'303','312',777
'303','316',1025
'303','320',311
'303','329',429
'303','331',401
'303','349',368
'303','351',709
'303','385',522
'304','301',431
'304','302',820
'304','311',332
'304','314',1045
'304','316',341
'304','349',319
'304','351',373
'304','369',377
'305','301',423
'305','302',991
'305','314',556
'306','173',320
'306','300',312
'306','301',586
'306','302',562
'306','307',391
'306','311',307
'306','312',405
'306','351',337
'307','301',568
'307','302',402
'307','305',435
'307','306',389
'307','311',800
'307','312',306
'307','316',1098
'307','348',311
'308','311',746
'308','312',671
'309','300',493
'309','311',390
'309','312',663
'309','321',314
'309','330',460
'309','331',364
'309','369',400
'309','385',329
'310','300',300
'310','301',328
'310','302',315
'310','308',418
'310','311',335
'310','312',393
'3102','113',731
'311','173',301
'311','300',855
'311','301',587
'311','302',731
'311','303',859
'311','304',548
'311','305',440
'311','306',324
'311','307',747
'311','308',1067
'311','310',406
'311','312',434
'311','314',506
'311','320',336
'311','321',369
'311','324',463
'311','330',322
'311','331',374
'311','334',319
'311','351',423
'311','369',617
'311','370',347
'311','385',389
'311','807',329
'311','826',371
'312','173',323
'312','300',1915
'312','302',380
'312','303',645
'312','306',309
'312','307',419
'312','308',1091
'312','309',306
'312','311',340
'312','351',332
'312','385',306
'312','391',305
'313','171',702
'313','173',686
'313','300',433
'313','384',363
'314','302',1456
'314','304',666
'314','305',690
'314','306',410
'314','311',478
'314','315',1264
'314','316',507
'314','326',307
'314','327',414
'314','328',492
'314','334',420
'314','351',355
'314','385',315
'315','302',632
'315','314',1360
'315','327',374
'316','301',413
'316','302',561
'316','303',1018
'316','304',351
'316','305',383
'316','306',404
'316','307',899
'316','314',638
'316','320',513
'316','321',398
'316','326',352
'316','327',569
'316','328',396
'316','330',592
'316','334',413
'316','338',340
'316','369',755
'320','311',303
'320','316',375
'320','329',362
'320','368',401
'320','385',471
'321','316',312
'321','327',329
'321','330',301
'321','385',334
'324','311',326
'326','302',462
'326','316',394
'326','327',466
'326','328',566
'326','329',306
'326','331',802
'326','338',345
'326','342',336
'326','353',379
'326','355',371
'326','358',636
'326','359',326
'326','369',317
'327','302',560
'327','315',348
'327','316',718
'327','320',553
'327','321',350
'327','326',708
'327','331',422
'327','338',464
'327','353',508
'327','354',371
'327','358',370
'327','368',484
'327','385',1040
'328','314',372
'328','316',478
'328','326',762
'328','334',405
'328','338',1129
'328','339',395
'328','353',342
'328','358',582
'329','320',316
'329','326',409
'329','335',531
'329','338',335
'329','346',324
'329','368',392
'330','309',394
'330','316',587
'331','311',356
'331','326',431
'331','368',326
'331','385',413
'334','316',348
'334','328',387
'334','329',311
'334','337',334
'334','338',1884
'334','339',925
'334','342',305
'334','345',498
'334','354',695
'334','358',662
'334','359',575
'335','329',780
'335','338',726
'335','339',362
'335','358',415
'336','339',678
'337','338',303
'337','339',371
'337','358',531
'338','316',308
'338','328',1015
'338','329',328
'338','334',1899
'338','335',571
'338','339',312
'338','342',370
'338','345',474
'338','356',410
'338','358',949
'338','359',341
'338','385',369
'339','328',559
'339','329',373
'339','334',1261
'339','335',360
'339','336',724
'339','337',359
'339','338',319
'339','342',365
'339','345',556
'339','346',428
'339','356',448
'339','358',997
'339','359',809
'340','1302',325
'340','1303',621
'340','1306',366
'340','337',373
'340','338',493
'340','341',661
'340','342',545
'340','344',535
'340','355',479
'340','356',510
'340','358',546
'340','359',447
'340','386',889
'341','339',317
'341','340',565
'341','344',921
'341','345',735
'341','355',374
'341','356',1534
'341','358',676
'341','359',681
'341','386',384
'342','334',334
'342','339',346
'342','340',372
'342','343',632
'342','344',1961
'342','345',1048
'342','346',565
'342','347',302
'342','355',1725
'342','356',414
'342','358',591
'342','359',560
'342','361',384
'342','386',310
'342','388',407
'343','334',301
'343','342',467
'343','346',402
'343','347',343
'343','358',533
'344','340',460
'344','341',458
'344','342',2212
'344','345',311
'344','346',424
'344','355',730
'344','358',3191
'344','359',437
'344','361',385
'344','388',356
'345','328',371
'345','334',481
'345','338',412
'345','339',568
'345','341',418
'345','342',887
'345','356',337
'345','358',391
'346','1308',357
'346','339',597
'346','342',426
'346','343',353
'346','347',350
'346','358',329
'346','361',680
'346','362',539
'346','363',347
'346','364',325
'346','374',311
'346','375',402
'346','378',455
'346','383',789
'346','568',937
'347','346',409
'347','358',335
'347','371',624
'347','374',444
'347','375',419
'347','380',353
'347','382',307
'347','383',705
'347','390',305
'348','305',324
'348','314',344
'348','316',396
'349','303',503
'349','304',436
'349','305',636
'349','306',543
'349','351',477
'3501','549',310
'3501','590',486
'3504','505',339
'3505','502',377
'3508','567',436
'3509','3518',444
'3509','540',884
'3509','571',972
'3509','584',457
'351','301',471
'351','302',1318
'351','303',776
'351','305',385
'351','306',308
'351','311',425
'351','312',404
'351','314',504
'351','349',459
'351','354',318
'351','369',331
'3513','557',315
'3513','568',410
'3514','568',357
'3518','3509',460
'352','327',315
'352','328',390
'3523','590',464
'353','302',351
'353','327',441
'353','328',383
'353','334',343
'354','316',326
'354','327',745
'354','334',944
'354','338',310
'354','342',339
'354','358',793
'355','334',402
'355','339',487
'355','340',346
'355','341',313
'355','342',1753
'355','344',774
'355','345',526
'355','358',1062
'355','359',332
'355','388',400
'356','334',435
'356','338',479
'356','339',481
'356','340',362
'356','341',1705
'356','342',569
'356','344',334
'356','345',414
'356','347',438
'356','358',1439
'356','359',602
'358','1303',379
'358','1306',523
'358','326',427
'358','327',392
'358','328',373
'358','329',322
'358','334',698
'358','337',462
'358','338',936
'358','339',1066
'358','340',496
'358','341',513
'358','342',536
'358','344',4340
'358','345',372
'358','346',553
'358','354',511
'358','355',673
'358','356',1570
'358','359',3480
'358','386',853
'359','315',310
'359','334',648
'359','338',346
'359','339',643
'359','340',409
'359','341',575
'359','342',578
'359','344',494
'359','356',746
'359','358',3130
'361','1308',625
'361','339',321
'361','342',328
'361','346',506
'361','362',315
'361','363',1020
'361','364',975
'361','383',455
'361','568',300
'361','613',520
'361','614',441
'362','1308',350
'362','346',787
'362','361',402
'362','378',1317
'362','383',513
'362','557',417
'362','613',348
'363','1308',737
'363','339',321
'363','346',347
'363','361',745
'363','362',307
'363','568',334
'364','346',383
'364','347',306
'364','361',1225
'364','363',538
'367','158',879
'367','173',493
'368','331',415
'369','301',337
'369','302',755
'369','304',380
'369','305',327
'369','311',357
'369','314',538
'369','316',580
'369','326',305
'369','351',309
'370','311',408
'370','324',331
'371','347',728
'371','382',318
'371','383',414
'372','374',367
'372','375',391
'372','383',373
'374','346',340
'374','372',331
'374','375',507
'374','383',567
'375','346',428
'375','347',354
'375','372',381
'375','374',545
'378','346',483
'378','362',979
'378','383',339
'378','530',553
'378','568',1475
'380','347',491
'382','371',323
'383','346',832
'383','347',630
'383','361',704
'383','362',539
'383','371',347
'383','372',457
'383','374',462
'383','378',332
'383','382',315
'383','520',319
'383','521',324
'383','568',646
'384','313',364
'385','301',321
'385','303',338
'385','309',309
'385','320',578
'385','321',458
'385','324',301
'385','327',848
'385','331',455
'385','338',301
'385','358',319
'386','340',1128
'386','341',716
'386','356',303
'386','358',741
'387','321',385
'388','1303',506
'388','1306',566
'388','342',565
'388','355',400
'388','386',330
'400','408',1008
'400','409',1248
'400','411',489
'400','412',474
'400','414',709
'400','415',938
'401','405',362
'401','407',496
'401','408',490
'401','409',1132
'402','400',344
'402','405',448
'402','407',343
'402','408',830
'402','409',1547
'402','411',453
'402','414',645
'403','400',474
'403','405',307
'403','408',348
'403','409',711
'403','411',309
'403','414',389
'403','415',718
'405','400',312
'405','402',305
'405','409',454
'405','415',864
'405','417',709
'406','409',354
'407','401',547
'407','408',302
'407','409',694
'407','411',322
'407','415',561
'408','400',677
'408','401',392
'408','402',611
'408','407',395
'408','411',430
'408','412',351
'408','414',303
'408','415',1569
'408','417',983
'409','400',1005
'409','401',1075
'409','402',1127
'409','405',402
'409','406',335
'409','407',588
'409','411',351
'409','412',983
'409','414',429
'409','415',2241
'409','417',1491
'409','418',403
'409','419',397
'409','421',500
'409','907',391
'409','912',305
'410','407',305
'411','400',441
'411','402',309
'411','405',312
'411','408',472
'411','412',354
'411','415',813
'411','417',625
'412','199',457
'412','408',565
'412','409',1257
'412','411',322
'412','414',342
'412','415',1911
'412','417',788
'412','418',403
'412','419',512
'412','421',813
'413','107',330
'413','199',497
'413','418',786
'413','419',526
'413','420',393
'413','421',939
'414','400',577
'414','402',462
'414','408',540
'414','409',480
'414','412',327
'414','415',530
'414','417',457
'415','131',307
'415','133',545
'415','191',304
'415','400',838
'415','401',369
'415','402',368
'415','403',424
'415','405',880
'415','407',500
'415','408',2289
'415','409',3381
'415','411',1264
'415','412',2353
'415','414',475
'415','907',312
'415','914',349
'416','405',336
'416','409',320
'416','415',425
'416','417',592
'416','418',1250
'416','419',593
'416','421',963
'417','405',1058
'417','407',319
'417','408',970
'417','409',1860
'417','411',879
'417','412',984
'417','414',341
'417','418',372
'417','419',331
'417','907',720
'417','914',473
'418','131',532
'418','133',681
'418','152',379
'418','186',457
'418','194',436
'418','409',433
'418','412',360
'418','413',627
'418','416',693
'418','419',710
'418','421',361
'418','907',1274
'418','912',390
'418','913',342
'418','914',1028
'418','915',332
'418','931',306
'419','131',411
'419','133',542
'419','152',692
'419','154',615
'419','155',307
'419','183',300
'419','184',473
'419','186',978
'419','194',557
'419','199',313
'419','412',727
'419','413',519
'419','415',350
'419','416',696
'419','418',869
'419','420',801
'419','421',1084
'419','907',995
'419','912',571
'419','914',992
'419','915',365
'419','931',419
'420','186',791
'420','419',649
'421','102',915
'421','103',504
'421','113',465
'421','131',409
'421','151',473
'421','152',774
'421','153',319
'421','154',837
'421','166',379
'421','175',335
'421','184',587
'421','186',499
'421','194',436
'421','409',531
'421','411',619
'421','412',1043
'421','413',432
'421','416',379
'421','419',1106
'421','907',441
'421','914',387
'446','117',532
'446','123',564
'449','446',449
'450','302',750
'451','302',402
'500','501',838
'500','502',869
'500','503',418
'500','505',514
'500','516',324
'500','540',2382
'500','549',769
'500','551',625
'500','563',1241
'500','567',393
'500','573',1743
'500','574',642
'500','588',305
'500','590',530
'500','592',1957
'501','500',658
'501','502',3190
'501','503',654
'501','504',1350
'501','505',1290
'501','509',500
'501','514',367
'501','515',353
'501','540',1064
'501','546',734
'501','548',977
'501','549',411
'501','551',414
'501','560',305
'501','567',412
'501','571',321
'501','573',439
'501','585',494
'501','588',1244
'501','593',349
'502','1231',384
'502','3506',315
'502','500',977
'502','501',2780
'502','503',770
'502','504',2176
'502','505',826
'502','509',572
'502','510',618
'502','511',625
'502','514',403
'502','515',544
'502','516',391
'502','525',654
'502','540',824
'502','542',624
'502','546',404
'502','548',3209
'502','561',396
'502','565',893
'502','577',448
'502','583',728
'502','584',335
'502','585',742
'502','588',941
'502','590',602
'502','592',366
'502','593',1290
'502','825',441
'503','500',334
'503','501',489
'503','502',910
'503','504',1085
'503','505',1061
'503','540',383
'503','546',503
'503','548',848
'503','573',341
'503','588',392
'504','501',1113
'504','502',2209
'504','503',845
'504','505',572
'504','509',319
'504','514',373
'504','515',374
'504','546',812
'504','548',685
'504','590',376
'505','500',642
'505','501',1322
'505','502',841
'505','503',1216
'505','504',683
'505','509',343
'505','515',543
'505','540',387
'505','546',785
'505','548',457
'505','549',541
'505','551',589
'505','573',721
'505','585',336
'505','590',1494
'505','592',423
'506','567',410
'507','514',457
'507','567',783
'508','513',506
'508','514',488
'508','563',1538
'508','578',496
'509','501',513
'509','502',641
'509','507',300
'509','511',1479
'509','512',1133
'509','513',862
'509','514',1039
'509','548',331
'509','560',371
'509','561',1647
'509','563',740
'509','567',321
'509','582',548
'509','585',559
'509','587',630
'509','589',879
'510','502',727
'510','511',1020
'510','561',380
'511','3515',416
'511','501',382
'511','502',1343
'511','509',1423
'511','510',786
'511','512',985
'511','513',816
'511','514',318
'511','525',648
'511','537',390
'511','561',564
'511','587',386
'512','501',319
'512','502',544
'512','509',841
'512','511',1199
'512','513',337
'512','514',814
'512','525',924
'512','537',801
'512','559',327
'512','561',382
'512','567',673
'512','587',579
'513','501',417
'513','509',806
'513','511',685
'513','512',328
'513','514',968
'513','516',411
'513','561',493
'513','567',532
'513','582',576
'514','501',457
'514','502',445
'514','507',444
'514','508',313
'514','509',1127
'514','511',358
'514','512',985
'514','513',1059
'514','540',457
'514','560',360
'514','567',1900
'514','587',388
'515','1231',392
'515','502',753
'515','505',455
'516','502',533
'516','506',412
'516','513',472
'516','514',320
'516','540',791
'516','560',312
'516','563',412
'516','571',402
'516','573',409
'516','578',345
'516','584',344
'518','559',344
'519','378',490
'519','559',301
'519','568',618
'520','383',429
'520','521',678
'520','525',647
'520','557',427
'520','559',526
'520','568',823
'521','520',577
'521','525',1039
'521','535',306
'521','536',659
'523','565',345
'524','534',340
'524','565',401
'525','502',917
'525','511',950
'525','512',949
'525','520',531
'525','521',903
'525','535',335
'525','536',936
'525','537',425
'525','558',466
'525','559',501
'525','561',441
'525','565',555
'525','569',404
'525','582',318
'526','529',1512
'526','538',629
'529','526',2150
'529','538',472
'529','581',558
'529','594',1221
'529','602',1033
'529','643',425
'530','346',305
'530','378',544
'530','550',360
'530','568',578
'534','565',377
'535','521',439
'535','525',453
'535','536',548
'535','559',526
'535','565',397
'535','569',470
'536','521',693
'536','525',1078
'536','559',862
'537','502',353
'537','511',435
'537','512',628
'537','525',589
'537','579',529
'537','586',434
'537','631',357
'538','526',729
'538','529',433
'538','579',320
'538','581',649
'539','501',304
'539','540',502
'539','602',375
'540','3509',963
'540','500',1417
'540','501',1180
'540','502',734
'540','503',361
'540','504',310
'540','505',311
'540','514',547
'540','516',822
'540','529',318
'540','539',683
'540','549',461
'540','560',438
'540','562',730
'540','563',662
'540','571',2804
'540','572',350
'540','573',721
'540','574',712
'540','578',306
'540','584',1449
'540','590',354
'540','592',310
'540','602',340
'542','1209',354
'542','502',517
'542','544',329
'542','551',1189
'542','576',355
'542','577',416
'543','505',366
'543','544',360
'543','551',944
'543','576',513
'543','577',615
'544','502',346
'544','542',302
'544','543',385
'546','501',634
'546','502',338
'546','503',408
'546','504',953
'546','505',635
'546','590',320
'548','501',831
'548','502',4627
'548','503',595
'548','504',681
'548','505',410
'548','509',431
'548','588',447
'549','500',595
'549','505',501
'549','540',600
'549','546',374
'549','573',1507
'550','559',476
'550','568',356
'550','609',358
'551','500',513
'551','505',694
'551','542',1151
'551','543',997
'551','571',671
'551','573',355
'551','576',1174
'551','577',741
'553','508',387
'553','578',611
'553','602',615
'554','549',387
'557','568',620
'558','525',596
'558','550',319
'558','559',483
'558','568',400
'558','579',374
'558','586',587
'558','641',438
'559','519',308
'559','520',486
'559','525',555
'559','535',330
'559','536',792
'559','550',545
'559','558',492
'559','568',372
'559','569',348
'559','641',362
'560','501',401
'560','514',558
'560','540',549
'560','567',461
'560','584',831
'561','502',529
'561','509',1869
'561','510',341
'561','511',825
'561','512',375
'561','513',595
'561','525',360
'561','582',342
'561','587',315
'562','529',422
'562','540',715
'562','578',498
'563','500',575
'563','508',525
'563','509',426
'563','514',376
'563','540',612
'563','567',3241
'563','571',371
'563','573',376
'563','584',1066
'565','2219',370
'565','502',714
'565','525',561
'565','583',610
'565','809',773
'565','825',738
'567','500',364
'567','501',533
'567','502',324
'567','507',767
'567','509',483
'567','511',505
'567','512',705
'567','513',484
'567','514',1821
'567','560',600
'567','563',4317
'567','578',1034
'567','585',444
'568','1308',561
'568','346',666
'568','363',403
'568','378',1348
'568','383',542
'568','518',404
'568','519',440
'568','520',428
'568','521',461
'568','530',796
'568','550',364
'568','557',638
'568','558',417
'568','559',327
'568','583',313
'568','612',441
'568','613',943
'568','614',498
'569','525',544
'569','535',337
'569','559',314
'571','3509',834
'571','500',377
'571','501',691
'571','502',615
'571','503',338
'571','516',376
'571','540',2971
'571','551',575
'571','563',814
'571','573',762
'571','574',347
'571','584',305
'571','590',345
'571','592',321
'572','540',351
'573','500',2077
'573','501',504
'573','503',306
'573','505',649
'573','514',323
'573','516',513
'573','540',866
'573','549',931
'573','551',430
'573','560',300
'573','563',638
'573','571',1045
'573','584',691
'573','590',447
'574','500',785
'574','501',356
'574','502',305
'574','505',417
'574','540',1155
'574','571',440
'574','573',485
'574','584',380
'574','590',341
'576','543',334
'576','551',1217
'576','577',360
'577','1001',702
'577','1008',359
'577','502',410
'577','543',455
'577','551',641
'578','507',315
'578','508',388
'578','512',357
'578','553',322
'578','567',1258
'578','584',306
'579','525',351
'579','537',900
'579','538',386
'579','558',361
'579','586',364
'579','624',396
'580','524',351
'581','529',523
'581','538',611
'581','631',408
'582','509',540
'582','513',621
'582','514',512
'582','561',347
'583','1319',376
'583','502',834
'583','565',686
'583','609',347
'583','641',566
'583','825',344
'584','3509',605
'584','500',427
'584','501',527
'584','502',889
'584','505',364
'584','516',409
'584','540',1882
'584','549',307
'584','551',375
'584','560',725
'584','563',1491
'584','571',371
'584','573',779
'584','574',405
'584','578',312
'585','501',485
'585','502',640
'585','505',338
'585','509',423
'585','513',421
'585','514',304
'585','567',409
'585','589',1523
'586','361',328
'586','537',452
'586','558',634
'587','509',818
'587','511',368
'587','512',674
'587','561',396
'587','585',318
'588','501',1257
'588','502',1563
'588','504',416
'588','548',436
'589','509',1270
'589','585',924
'590','3523',567
'590','500',470
'590','502',612
'590','504',401
'590','505',1086
'590','540',366
'590','573',314
'590','591',406
'590','592',3522
'591','590',403
'592','500',1443
'592','502',452
'592','505',422
'592','590',2812
'593','501',359
'593','502',1742
'594','529',967
'600','602',526
'600','634',307
'601','1308',492
'601','612',334
'601','614',335
'601','631',341
'602','529',603
'602','600',373
'602','604',441
'602','622',438
'602','625',645
'602','627',1067
'602','634',580
'602','643',302
'602','646',387
'604','602',375
'605','1308',427
'605','378',334
'605','614',310
'605','630',311
'607','634',861
'608','639',473
'609','1308',837
'609','550',443
'609','583',308
'609','614',519
'609','615',438
'609','633',343
'609','634',309
'609','637',361
'610','622',646
'610','631',738
'612','1308',780
'612','568',409
'612','601',300
'612','613',307
'612','614',306
'612','641',386
'613','1308',428
'613','361',531
'613','362',423
'613','568',975
'613','614',434
'613','615',308
'614','1308',2080
'614','361',348
'614','568',408
'614','601',346
'614','605',322
'614','609',526
'614','612',345
'614','613',420
'614','615',388
'614','630',347
'614','631',329
'614','633',428
'614','641',445
'615','1308',620
'615','614',304
'615','635',441
'616','617',932
'616','622',936
'616','638',1421
'616','639',809
'617','622',447
'617','623',336
'617','625',581
'617','631',550
'621','622',394
'621','631',343
'622','610',377
'622','617',472
'622','621',306
'622','624',371
'622','625',391
'622','639',550
'623','617',633
'623','622',1108
'623','624',1031
'623','630',332
'623','633',722
'623','634',526
'623','635',493
'623','638',4178
'623','639',4033
'624','537',333
'624','623',305
'624','630',517
'624','631',695
'624','633',715
'624','641',422
'624','642',545
'625','602',676
'625','617',583
'625','622',555
'625','631',458
'626','643',315
'627','602',1371
'628','634',309
'630','1308',456
'630','605',348
'630','614',589
'630','624',580
'630','625',355
'630','631',431
'630','633',678
'631','1308',334
'631','526',343
'631','581',440
'631','604',301
'631','610',457
'631','617',518
'631','621',334
'631','624',888
'631','625',388
'631','630',552
'633','1308',312
'633','609',385
'633','614',305
'633','623',401
'633','624',722
'633','630',594
'633','634',902
'633','635',721
'633','636',497
'633','637',352
'633','641',491
'634','1333',365
'634','1403',716
'634','1405',347
'634','1601',337
'634','600',372
'634','602',424
'634','607',746
'634','609',325
'634','623',418
'634','628',390
'634','633',792
'634','635',1309
'635','600',321
'635','615',309
'635','623',303
'635','630',365
'635','633',704
'635','634',1311
'635','637',347
'636','633',560
'636','640',597
'637','1321',344
'637','609',524
'637','633',420
'637','634',338
'637','640',385
'638','616',325
'638','622',361
'638','623',1760
'638','633',351
'638','639',420
'639','600',361
'639','608',557
'639','616',731
'639','622',769
'639','623',3727
'639','633',468
'639','634',666
'639','635',374
'639','638',766
'640','636',840
'640','637',375
'641','558',317
'641','559',382
'641','583',566
'641','612',333
'641','614',341
'641','624',513
'641','633',431
'642','624',537
'642','631',340
'643','626',348
'643','630',391
'646','602',416
'700','1115',389
'700','1118',584
'700','1119',347
'700','1132',796
'700','1135',449
'700','1139',331
'700','703',455
'702','703',429
'703','1141',533
'703','1906',364
'703','207',372
'703','232',640
'703','262',341
'703','700',362
'703','701',332
'703','702',432
'703','704',663
'703','706',720
'703','707',434
'703','708',1812
'703','712',373
'703','716',2530
'703','719',649
'704','703',778
'704','706',601
'704','708',615
'704','712',422
'704','716',1193
'706','703',648
'706','704',376
'706','712',438
'707','703',446
'707','704',341
'707','706',377
'708','703',1943
'708','704',439
'708','716',443
'709','704',324
'710','712',348
'711','703',334
'712','706',319
'713','1128',324
'714','1127',351
'716','703',2615
'716','704',996
'716','708',502
'719','1141',382
'719','702',328
'719','703',651
'719','723',352
'723','719',300
'800','147',303
'800','805',383
'800','806',425
'800','816',899
'800','819',503
'800','823',319
'802','803',445
'802','809',394
'803','809',350
'805','800',407
'805','806',404
'805','816',953
'805','818',567
'805','819',543
'805','820',355
'806','800',466
'806','805',366
'806','816',920
'806','819',429
'807','311',340
'807','816',351
'807','818',862
'807','820',417
'808','816',312
'809','540',325
'809','565',627
'809','825',343
'810','812',304
'810','816',669
'811','805',803
'811','810',438
'811','812',962
'811','813',527
'811','816',1834
'811','818',553
'811','819',535
'811','825',429
'812','810',335
'812','811',604
'812','816',385
'813','811',383
'813','816',865
'815','816',531
'815','822',393
'815','825',437
'816','2002',630
'816','2003',477
'816','2050',355
'816','800',1115
'816','805',937
'816','806',797
'816','810',499
'816','811',787
'816','813',931
'816','815',447
'816','817',937
'816','818',650
'816','819',733
'816','820',369
'816','825',542
'816','828',306
'816','829',304
'817','816',922
'817','819',300
'818','805',735
'818','807',975
'818','816',677
'818','819',538
'818','820',1367
'818','826',512
'819','800',674
'819','805',636
'819','806',314
'819','816',679
'819','818',586
'819','823',332
'820','805',327
'820','807',398
'820','816',403
'820','818',1378
'822','815',368
'822','816',326
'823','819',365
'825','2219',844
'825','502',387
'825','565',645
'825','583',337
'825','808',307
'825','809',412
'825','816',568
'826','311',335
'826','818',635
'826','819',413
'827','828',439
'828','816',326
'828','827',325
'832','815',321
'900','907',811
'900','913',698
'900','917',1018
'901','906',352
'901','907',1322
'901','911',312
'901','913',601
'901','916',394
'901','917',528
'902','905',896
'903','904',395
'903','905',2557
'904','903',310
'904','905',2880
'905','902',905
'905','903',2397
'905','904',2671
'905','906',406
'905','921',329
'905','924',389
'905','928',366
'905','942',602
'906','900',332
'906','907',1699
'906','908',927
'906','911',510
'906','912',436
'906','913',771
'906','914',643
'906','916',519
'906','926',400
'906','930',409
'906','931',1953
'906','932',639
'906','933',1098
'907','131',887
'907','133',530
'907','152',851
'907','194',689
'907','409',446
'907','418',1044
'907','419',653
'907','421',335
'907','900',404
'907','901',709
'907','906',1522
'907','908',306
'907','911',1037
'907','912',638
'907','913',1024
'907','914',1189
'907','915',632
'907','916',400
'907','917',429
'907','926',676
'907','931',950
'907','932',516
'907','933',637
'908','906',727
'908','907',405
'908','913',317
'908','914',307
'908','931',467
'911','900',753
'911','901',1073
'911','906',625
'911','907',1211
'911','913',1049
'911','926',328
'912','131',346
'912','191',338
'912','194',390
'912','409',521
'912','419',479
'912','907',670
'912','913',662
'912','914',502
'912','931',465
'913','131',303
'913','418',354
'913','900',803
'913','901',603
'913','906',793
'913','907',1177
'913','908',394
'913','911',1168
'913','912',808
'913','914',700
'913','916',1076
'913','917',408
'913','926',793
'913','931',1164
'913','932',454
'913','933',450
'914','131',306
'914','152',723
'914','186',370
'914','194',343
'914','418',893
'914','419',974
'914','906',551
'914','907',1144
'914','911',306
'914','912',471
'914','913',691
'914','915',484
'914','931',394
'915','418',341
'915','907',660
'915','913',406
'915','914',404
'916','901',391
'916','906',474
'916','907',495
'916','913',962
'916','923',351
'916','926',447
'916','931',334
'917','900',1262
'917','901',961
'917','907',790
'917','911',442
'917','913',740
'921','905',737
'922','926',486
'922','931',457
'922','933',309
'924','905',693
'925','907',367
'925','913',328
'926','906',383
'926','907',816
'926','911',337
'926','912',488
'926','913',600
'926','916',637
'926','927',678
'926','931',670
'926','933',312
'927','926',672
'928','905',505
'930','906',498
'931','906',1618
'931','907',988
'931','911',468
'931','912',468
'931','913',972
'931','914',387
'931','926',324
'931','932',374
'931','933',494
'932','906',576
'932','907',635
'932','913',473
'932','914',303
'932','926',349
'932','931',627
'933','906',1077
'933','907',573
'933','913',430
'933','922',327
'933','926',396
'933','931',540
'941','905',592
'942','905',839
'945','905',474
'9999','1808',414
113,107,300
113,183,471
116,113,332
183,113,655
415,412,312
623,639,346
639,623,331
